A222|%4vF6qCr28i1@a4|Rachid|Ell|Rach@gmail.com|0678435689|0|2|2|2025/2/18|0
A333|7hr|Dounia|Sef|Dounia@gmail.com|0789654255|1|0|0|2025/2/19|0
A444|3w4|Ali|Aga|Ali@gmail.com|0654679876|0|0|0|2025/2/16|0
A555|7KI|Salma|Lahsen|salma@gmail.com|0632411234|0|0|0|2025/2/17|0
A666|@s2@1Y@pd@0W@56|Hamza|Casa|Hamza@gmail.com|0690463278|1|0|0|2025/2/19|0
A777|8OP|Yassin|Tanger|Yass@gmail.com|0683452321|1|0|0|2025/2/21|0
A888|7Y1|Zohir|Sam|Zohir@gmail.com|0656645321|0|0|0|2025/3/8|0
